{
  "buildVersion": "0x030210",
  "config": {
    "title": "Escape Room V.0.0.1",
    "view": "list",
    "network": {
      "updateFrequency": 5,
      "errorsFilter": 3,
      "reconnection": 0,
      "reconnectionDelay": 15
    }
  },
  "data": {
    "id": "root",
    "categories": [
      {
        "show": 1,
        "title": "",
        "access": 0,
        "items": [
        ]
      }
    ]
  },
  "events": {
    "realtime": {
      "visible": 0,
      "access": 0
    },
    "filters": {
    },
    "classNames": {
      "class1": "Class 1",
      "class2": "Class 2",
      "class3": "Class 3",
      "class4": "Class 4",
      "class5": "Class 5",
      "class6": "Class 6",
      "class7": "Class 7"
    }
  }
}
